a"SacramentoRegistroLibroFolioAsientoSexoSubcon5663392LD 1901-1907196M0 El campo Sacramento indica: 1=Bautismo, 2=Confirmación, 4=Matrimonio, 5=Defunción y 6=Matrícula ParroquialNombreApellido 1Apellido 2Lugar NacimientoInteresadoMaríaForriolOrti Cónyuge PadreForriol MadreOrtiAbuelo Paterno Abuela paterna Abuelo Materno Abuela Materna Fecha Nacimiento Fecha Sacramento Lugar Sacramento Oficiante Profesión Profesión del padrenn - nn - nnnn - - 1905Torrent: Asunción de Nuestra SeñoraCarles, Félix - Párroco Domicilio: Inscrito en: Torrent: Asunción de Nuestra Señora Notas ... Cumplen las condiciones de búsqueda: 57 registros. Mostrando la página 57 de 57. Ordenados por Año Evento.  < Anterior 1 2 3 4 5 6 7 8 9 10 11 12 13 14 15 16 17 18 19 20 21 22 23 24 25 26 27 28 29 30 31 32 33 34 35 36 37 38 39 40 41 42 43 44 45 46 47 48 49 50 51 52 53 54 55 56 57"
,"SacramentoRegistroLibroFolioAsientoSexoSubcon41351430LM 1568-1620095v0937M0 El campo Sacramento indica: 1=Bautismo, 2=Confirmación, 4=Matrimonio, 5=Defunción y 6=Matrícula ParroquialNombreApellido 1Apellido 2Lugar NacimientoInteresadoEsperanzaForriol Cónyuge MiguelInsa PadreForriol MadreAbuelo Paterno Abuela paterna Abuelo Materno Abuela Materna Fecha Nacimiento Fecha Sacramento Lugar Sacramento Oficiante Profesión Profesión del padrenn - nn - nnnn30 - 09 - 1580Valencia: San Esteban Protomártir Domicilio: Inscrito en: Valencia: San Esteban Protomártir Notas ...Folio en mal estado Cumplen las condiciones de búsqueda: 57 registros. Mostrando la página 1 de 57. Ordenados por Año Evento.  1 2 3 4 5 6 7 8 9 10 11 12 13 14 15 16 17 18 19 20 21 22 23 24 25 26 27 28 29 30 31 32 33 34 35 36 37 38 39 40 41 42 43 44 45 46 47 48 49 50 51 52 53 54 55 56 57 Siguiente >"
,"SacramentoRegistroLibroFolioAsientoSexoSubcon41351430LM 1568-1620095v0937M0 El campo Sacramento indica: 1=Bautismo, 2=Confirmación, 4=Matrimonio, 5=Defunción y 6=Matrícula ParroquialNombreApellido 1Apellido 2Lugar NacimientoInteresadoEsperanzaForriol Cónyuge MiguelInsa PadreForriol MadreAbuelo Paterno Abuela paterna Abuelo Materno Abuela Materna Fecha Nacimiento Fecha Sacramento Lugar Sacramento Oficiante Profesión Profesión del padrenn - nn - nnnn30 - 09 - 1580Valencia: San Esteban Protomártir Domicilio: Inscrito en: Valencia: San Esteban Protomártir Notas ...Folio en mal estado Cumplen las condiciones de búsqueda: 57 registros. Mostrando la página 1 de 57. Ordenados por Año Evento.  1 2 3 4 5 6 7 8 9 10 11 12 13 14 15 16 17 18 19 20 21 22 23 24 25 26 27 28 29 30 31 32 33 34 35 36 37 38 39 40 41 42 43 44 45 46 47 48 49 50 51 52 53 54 55 56 57 Siguiente >"
,"SacramentoRegistroLibroFolioAsientoSexoSubcon12182358QL 1693-1721081rsn1M0 El campo Sacramento indica: 1=Bautismo, 2=Confirmación, 4=Matrimonio, 5=Defunción y 6=Matrícula ParroquialNombreApellido 1Apellido 2Lugar NacimientoInteresadoVicenta María FranciscaForriolGalindoMas dels Arrendadors de Quart de Poblet Cónyuge PadreAntonioForriol MadreVicentaGalindoAbuelo PaternoForriol Abuela paterna Abuelo MaternoGalindo Abuela Materna Fecha Nacimiento Fecha Sacramento Lugar Sacramento Oficiante Profesión Profesión del padre27 - 02 - 171928 - 02 - 1719Aldaia: La Anunciación de Nuestra SeñoraRubies, Fray Clemente - Vicario Domicilio: Inscrito en: Aldaia: La Anunciación de Nuestra Señora Notas ... Cumplen las condiciones de búsqueda: 57 registros. Mostrando la página 2 de 57. Ordenados por Año Evento.  < Anterior 1 2 3 4 5 6 7 8 9 10 11 12 13 14 15 16 17 18 19 20 21 22 23 24 25 26 27 28 29 30 31 32 33 34 35 36 37 38 39 40 41 42 43 44 45 46 47 48 49 50 51 52 53 54 55 56 57 Siguiente >"
,"SacramentoRegistroLibroFolioAsientoSexoSubcon4178728QL 1737-1771067M0 El campo Sacramento indica: 1=Bautismo, 2=Confirmación, 4=Matrimonio, 5=Defunción y 6=Matrícula ParroquialNombreApellido 1Apellido 2Lugar NacimientoInteresadoHipolitaForriol Cónyuge VicenteAndreuTorrent PadreForriol MadreAbuelo Paterno Abuela paterna Abuelo Materno Abuela Materna Fecha Nacimiento Fecha Sacramento Lugar Sacramento Oficiante Profesión Profesión del padrenn - nn - nnnn - - 1742Torrent: Asunción de Nuestra Señora Domicilio: Inscrito en: Torrent: Asunción de Nuestra Señora Notas ... Cumplen las condiciones de búsqueda: 57 registros. Mostrando la página 3 de 57. Ordenados por Año Evento.  < Anterior 1 2 3 4 5 6 7 8 9 10 11 12 13 14 15 16 17 18 19 20 21 22 23 24 25 26 27 28 29 30 31 32 33 34 35 36 37 38 39 40 41 42 43 44 45 46 47 48 49 50 51 52 53 54 55 56 57 Siguiente >"
,"SacramentoRegistroLibroFolioAsientoSexoSubcon4178791QL 1737-1771074M0 El campo Sacramento indica: 1=Bautismo, 2=Confirmación, 4=Matrimonio, 5=Defunción y 6=Matrícula ParroquialNombreApellido 1Apellido 2Lugar NacimientoInteresadoTeresaForriol Cónyuge JoséhSales PadreForriol MadreAbuelo Paterno Abuela paterna Abuelo Materno Abuela Materna Fecha Nacimiento Fecha Sacramento Lugar Sacramento Oficiante Profesión Profesión del padrenn - nn - nnnn - - 1744Torrent: Asunción de Nuestra Señora Domicilio: Inscrito en: Torrent: Asunción de Nuestra Señora Notas ... Cumplen las condiciones de búsqueda: 57 registros. Mostrando la página 4 de 57. Ordenados por Año Evento.  < Anterior 1 2 3 4 5 6 7 8 9 10 11 12 13 14 15 16 17 18 19 20 21 22 23 24 25 26 27 28 29 30 31 32 33 34 35 36 37 38 39 40 41 42 43 44 45 46 47 48 49 50 51 52 53 54 55 56 57 Siguiente >"
,"SacramentoRegistroLibroFolioAsientoSexoSubcon42172826QL 1735-1752219M0 El campo Sacramento indica: 1=Bautismo, 2=Confirmación, 4=Matrimonio, 5=Defunción y 6=Matrícula ParroquialNombreApellido 1Apellido 2Lugar NacimientoInteresadoRosaForriol Cónyuge FranciscoBesó PadreForriol MadreAbuelo Paterno Abuela paterna Abuelo Materno Abuela Materna Fecha Nacimiento Fecha Sacramento Lugar Sacramento Oficiante Profesión Profesión del padrenn - nn - nnnn - - 1748Chiva: San Juan Bautista Domicilio: Inscrito en: Chiva: San Juan Bautista Notas ...Libro desaparecido. Datos tomados del libro índice Cumplen las condiciones de búsqueda: 57 registros. Mostrando la página 5 de 57. Ordenados por Año Evento.  < Anterior 1 2 3 4 5 6 7 8 9 10 11 12 13 14 15 16 17 18 19 20 21 22 23 24 25 26 27 28 29 30 31 32 33 34 35 36 37 38 39 40 41 42 43 44 45 46 47 48 49 50 51 52 53 54 55 56 57 Siguiente >"
,"SacramentoRegistroLibroFolioAsientoSexoSubcon4638774QL 1749-18162 008vsnM0 El campo Sacramento indica: 1=Bautismo, 2=Confirmación, 4=Matrimonio, 5=Defunción y 6=Matrícula ParroquialNombreApellido 1Apellido 2Lugar NacimientoInteresadoMarianaForriolSanchisAlaquàs Cónyuge MarianoGalindoFolgadoAldaya PadreFranciscoForriol MadreMaríaSanchisAbuelo Paterno Abuela paterna Abuelo Materno Abuela Materna Fecha Nacimiento Fecha Sacramento Lugar Sacramento Oficiante Profesión Profesión del padrenn - nn - nnnn05 - 02 - 1777Torrent: San Vicente Ferrer Domicilio: Inscrito en: Torrent: San Vicente Ferrer Notas ... Cumplen las condiciones de búsqueda: 57 registros. Mostrando la página 6 de 57. Ordenados por Año Evento.  < Anterior 1 2 3 4 5 6 7 8 9 10 11 12 13 14 15 16 17 18 19 20 21 22 23 24 25 26 27 28 29 30 31 32 33 34 35 36 37 38 39 40 41 42 43 44 45 46 47 48 49 50 51 52 53 54 55 56 57 Siguiente >"
,"SacramentoRegistroLibroFolioAsientoSexoSubcon11777805QL 1776-1794186nnH0 El campo Sacramento indica: 1=Bautismo, 2=Confirmación, 4=Matrimonio, 5=Defunción y 6=Matrícula ParroquialNombreApellido 1Apellido 2Lugar NacimientoInteresadoBautista JuanaForriolMiguelChiva Cónyuge PadreForriol MadreMiguelAbuelo PaternoForriol Abuela paterna Abuelo MaternoMiguel Abuela Materna Fecha Nacimiento Fecha Sacramento Lugar Sacramento Oficiante Profesión Profesión del padrenn - nn - 1787nn - nn - 1787Chiva: San Juan Bautista Domicilio: Inscrito en: Chiva: San Juan Bautista Notas ...Libro desaparecido. Datos tomados del libro Índice Cumplen las condiciones de búsqueda: 57 registros. Mostrando la página 7 de 57. Ordenados por Año Evento.  < Anterior 1 2 3 4 5 6 7 8 9 10 11 12 13 14 15 16 17 18 19 20 21 22 23 24 25 26 27 28 29 30 31 32 33 34 35 36 37 38 39 40 41 42 43 44 45 46 47 48 49 50 51 52 53 54 55 56 57 Siguiente >"
,"SacramentoRegistroLibroFolioAsientoSexoSubcon1138494QL 1772-1793160M0 El campo Sacramento indica: 1=Bautismo, 2=Confirmación, 4=Matrimonio, 5=Defunción y 6=Matrícula ParroquialNombreApellido 1Apellido 2Lugar NacimientoInteresadoTeresa María JosefaForriolMiquelTorrent Cónyuge PadreForriol MadreMiquelAbuelo PaternoForriol Abuela paterna Abuelo MaternoMiquel Abuela Materna Fecha Nacimiento Fecha Sacramento Lugar Sacramento Oficiante Profesión Profesión del padre - - 1790 - - 1790Torrent: Asunción de Nuestra Señora Domicilio: Inscrito en: Torrent: Asunción de Nuestra Señora Notas ... Cumplen las condiciones de búsqueda: 57 registros. Mostrando la página 8 de 57. Ordenados por Año Evento.  < Anterior 1 2 3 4 5 6 7 8 9 10 11 12 13 14 15 16 17 18 19 20 21 22 23 24 25 26 27 28 29 30 31 32 33 34 35 36 37 38 39 40 41 42 43 44 45 46 47 48 49 50 51 52 53 54 55 56 57 Siguiente >"
,"SacramentoRegistroLibroFolioAsientoSexoSubcon2638664QL 1749-18166 001vH0 El campo Sacramento indica: 1=Bautismo, 2=Confirmación, 4=Matrimonio, 5=Defunción y 6=Matrícula ParroquialNombreApellido 1Apellido 2Lugar NacimientoInteresadoAntonioForriolCasanovaTorrent: San Vicente Cónyuge PadreAntonioForriol MadreJosefaCasanovaAbuelo PaternoForriol Abuela paterna Abuelo MaternoCasanova Abuela Materna Fecha Nacimiento Fecha Sacramento Lugar Sacramento Oficiante Profesión Profesión del padrenn - nn - nnnn15 - 09 - 1793Torrent: San Vicente FerrerSerrano Ob, Melchor - Domicilio: Inscrito en: Torrent: San Vicente Ferrer Notas ... Cumplen las condiciones de búsqueda: 57 registros. Mostrando la página 9 de 57. Ordenados por Año Evento.  < Anterior 1 2 3 4 5 6 7 8 9 10 11 12 13 14 15 16 17 18 19 20 21 22 23 24 25 26 27 28 29 30 31 32 33 34 35 36 37 38 39 40 41 42 43 44 45 46 47 48 49 50 51 52 53 54 55 56 57 Siguiente >"
,"SacramentoRegistroLibroFolioAsientoSexoSubcon471093QL 1785-1795225v20H0 El campo Sacramento indica: 1=Bautismo, 2=Confirmación, 4=Matrimonio, 5=Defunción y 6=Matrícula ParroquialNombreApellido 1Apellido 2Lugar NacimientoInteresadoFranciscoForriolSoriaAlaquàs Cónyuge María FranciscaGarcíaCorachánBuñol PadreRoqueForriol MadreRosaSoriaAbuelo PaternoForriol Abuela paterna Abuelo MaternoSoria Abuela Materna Fecha Nacimiento Fecha Sacramento Lugar Sacramento Oficiante Profesión Profesión del padrenn - nn - nnnn21 - 12 - 1793Buñol: San Pedro ApóstolGasó, Francisco - Párroco Domicilio: Inscrito en: vecino de BuñolBuñol: San Pedro Apóstol Notas ... Cumplen las condiciones de búsqueda: 57 registros. Mostrando la página 10 de 57. Ordenados por Año Evento.  < Anterior 1 2 3 4 5 6 7 8 9 10 11 12 13 14 15 16 17 18 19 20 21 22 23 24 25 26 27 28 29 30 31 32 33 34 35 36 37 38 39 40 41 42 43 44 45 46 47 48 49 50 51 52 53 54 55 56 57 Siguiente >"
,"SacramentoRegistroLibroFolioAsientoSexoSubcon4638821QL 1749-18162 017vsnM0 El campo Sacramento indica: 1=Bautismo, 2=Confirmación, 4=Matrimonio, 5=Defunción y 6=Matrícula ParroquialNombreApellido 1Apellido 2Lugar NacimientoInteresadoFranciscaForriolMartínezAlaquàs Cónyuge VicenteBesóAsensiAlaquàs PadreFranciscoForriol MadreFranciscaMartínezAbuelo Paterno Abuela paterna Abuelo Materno Abuela Materna Fecha Nacimiento Fecha Sacramento Lugar Sacramento Oficiante Profesión Profesión del padrenn - nn - nnnn18 - 06 - 1794Torrent: San Vicente Ferrer Domicilio: Inscrito en: Torrent: San Vicente Ferrer Notas ... Cumplen las condiciones de búsqueda: 57 registros. Mostrando la página 11 de 57. Ordenados por Año Evento.  < Anterior 1 2 3 4 5 6 7 8 9 10 11 12 13 14 15 16 17 18 19 20 21 22 23 24 25 26 27 28 29 30 31 32 33 34 35 36 37 38 39 40 41 42 43 44 45 46 47 48 49 50 51 52 53 54 55 56 57 Siguiente >"
,"SacramentoRegistroLibroFolioAsientoSexoSubcon42169094QL 1769-1805250H0 El campo Sacramento indica: 1=Bautismo, 2=Confirmación, 4=Matrimonio, 5=Defunción y 6=Matrícula ParroquialNombreApellido 1Apellido 2Lugar NacimientoInteresadoJoaquínForriol Cónyuge María EsperanzaMartínez PadreForriol MadreAbuelo Paterno Abuela paterna Abuelo Materno Abuela Materna Fecha Nacimiento Fecha Sacramento Lugar Sacramento Oficiante Profesión Profesión del padrenn - nn - nnnn - - 1798Chiva: San Juan Bautista Domicilio: Inscrito en: Chiva: San Juan Bautista Notas ...Libro desaparecido. Datos tomados del libro índice Cumplen las condiciones de búsqueda: 57 registros. Mostrando la página 12 de 57. Ordenados por Año Evento.  < Anterior 1 2 3 4 5 6 7 8 9 10 11 12 13 14 15 16 17 18 19 20 21 22 23 24 25 26 27 28 29 30 31 32 33 34 35 36 37 38 39 40 41 42 43 44 45 46 47 48 49 50 51 52 53 54 55 56 57 Siguiente >"
,"SacramentoRegistroLibroFolioAsientoSexoSubcon154518QL 1796-1810055r32H0 El campo Sacramento indica: 1=Bautismo, 2=Confirmación, 4=Matrimonio, 5=Defunción y 6=Matrícula ParroquialNombreApellido 1Apellido 2Lugar NacimientoInteresadoJoaquín Francisco PedroForriolGarcíaBuñol Cónyuge PadreFranciscoForriolSoriaAlaquàs MadreFranciscaGarcíaCorachánBuñolAbuelo PaternoRoque ForriolAlaquàs Abuela paterna RosaSoriaAlaquàsAbuelo MaternoDiego GarcíaSan Clemente Abuela Materna FranciscaCorachánBuñolFecha Nacimiento Fecha Sacramento Lugar Sacramento Oficiante Profesión Profesión del padre29 - 04 - 180129 - 04 - 1801Buñol: San Pedro ApóstolGasó, Francisco - Párroco Domicilio: Inscrito en: Buñol: San Pedro Apóstol Notas ... Cumplen las condiciones de búsqueda: 57 registros. Mostrando la página 13 de 57. Ordenados por Año Evento.  < Anterior 1 2 3 4 5 6 7 8 9 10 11 12 13 14 15 16 17 18 19 20 21 22 23 24 25 26 27 28 29 30 31 32 33 34 35 36 37 38 39 40 41 42 43 44 45 46 47 48 49 50 51 52 53 54 55 56 57 Siguiente >"
,"SacramentoRegistroLibroFolioAsientoSexoSubcon11779750QL 1794-1803316nnH0 El campo Sacramento indica: 1=Bautismo, 2=Confirmación, 4=Matrimonio, 5=Defunción y 6=Matrícula ParroquialNombreApellido 1Apellido 2Lugar NacimientoInteresadoVicenteForriolMartínezChiva Cónyuge PadreForriol MadreMartínezAbuelo PaternoForriol Abuela paterna Abuelo MaternoMartínez Abuela Materna Fecha Nacimiento Fecha Sacramento Lugar Sacramento Oficiante Profesión Profesión del padrenn - nn - 1802nn - nn - 1802Chiva: San Juan Bautista Domicilio: Inscrito en: Chiva: San Juan Bautista Notas ...Libro desaparecido. Datos tomados del libro Índice Cumplen las condiciones de búsqueda: 57 registros. Mostrando la página 14 de 57. Ordenados por Año Evento.  < Anterior 1 2 3 4 5 6 7 8 9 10 11 12 13 14 15 16 17 18 19 20 21 22 23 24 25 26 27 28 29 30 31 32 33 34 35 36 37 38 39 40 41 42 43 44 45 46 47 48 49 50 51 52 53 54 55 56 57 Siguiente >"
,"SacramentoRegistroLibroFolioAsientoSexoSubcon4181082LM 1794-1813115M0 El campo Sacramento indica: 1=Bautismo, 2=Confirmación, 4=Matrimonio, 5=Defunción y 6=Matrícula ParroquialNombreApellido 1Apellido 2Lugar NacimientoInteresadoHipolitaForriol Cónyuge JoséSorianoBarberaRiba-roja de Túria PadreForriol MadreAbuelo Paterno Abuela paterna Abuelo Materno Abuela Materna Fecha Nacimiento Fecha Sacramento Lugar Sacramento Oficiante Profesión Profesión del padrenn - nn - nnnn - - 1808Torrent: Asunción de Nuestra Señora Domicilio: Inscrito en: Torrent: Asunción de Nuestra Señora Notas ... Cumplen las condiciones de búsqueda: 57 registros. Mostrando la página 15 de 57. Ordenados por Año Evento.  < Anterior 1 2 3 4 5 6 7 8 9 10 11 12 13 14 15 16 17 18 19 20 21 22 23 24 25 26 27 28 29 30 31 32 33 34 35 36 37 38 39 40 41 42 43 44 45 46 47 48 49 50 51 52 53 54 55 56 57 Siguiente >"
,"SacramentoRegistroLibroFolioAsientoSexoSubcon4638847QL 1749-18162 026vsnM0 El campo Sacramento indica: 1=Bautismo, 2=Confirmación, 4=Matrimonio, 5=Defunción y 6=Matrícula ParroquialNombreApellido 1Apellido 2Lugar NacimientoInteresadoTeresaForriolMartínezAlaquàs Cónyuge Juan BautistaLermaGarcésChirivella PadreFranciscoForriolAlaquàs MadreFranciscaMartínezAlaquàsAbuelo Paterno Abuela paterna Abuelo Materno Abuela Materna Fecha Nacimiento Fecha Sacramento Lugar Sacramento Oficiante Profesión Profesión del padrenn - nn - nnnn23 - 07 - 1808Torrent: San Vicente Ferrer Domicilio: Inscrito en: Torrent: San Vicente Ferrer Notas ... Cumplen las condiciones de búsqueda: 57 registros. Mostrando la página 16 de 57. Ordenados por Año Evento.  < Anterior 1 2 3 4 5 6 7 8 9 10 11 12 13 14 15 16 17 18 19 20 21 22 23 24 25 26 27 28 29 30 31 32 33 34 35 36 37 38 39 40 41 42 43 44 45 46 47 48 49 50 51 52 53 54 55 56 57 Siguiente >"
,"SacramentoRegistroLibroFolioAsientoSexoSubcon1638445QL 1749-18161 051vsnH0 El campo Sacramento indica: 1=Bautismo, 2=Confirmación, 4=Matrimonio, 5=Defunción y 6=Matrícula ParroquialNombreApellido 1Apellido 2Lugar NacimientoInteresadoVicente José MartínForriolMasTorrent: San Vicente Cónyuge PadreFranciscoForriolMartínezAlaquàs MadreVicentaMasSanzAlaquàsAbuelo PaternoFranciscoForriolAlaquàs Abuela paterna FranciscaMartínezAlaquàsAbuelo MaternoPascualMasAlaquàs Abuela Materna VicentaSanzAlaquàsFecha Nacimiento Fecha Sacramento Lugar Sacramento Oficiante Profesión Profesión del padre11 - 11 - 181012 - 11 - 1810Torrent: San Vicente Ferrer Domicilio: Inscrito en: Torrent: San Vicente Ferrer Notas ... Cumplen las condiciones de búsqueda: 57 registros. Mostrando la página 17 de 57. Ordenados por Año Evento.  < Anterior 1 2 3 4 5 6 7 8 9 10 11 12 13 14 15 16 17 18 19 20 21 22 23 24 25 26 27 28 29 30 31 32 33 34 35 36 37 38 39 40 41 42 43 44 45 46 47 48 49 50 51 52 53 54 55 56 57 Siguiente >"
,"SacramentoRegistroLibroFolioAsientoSexoSubcon1638456QL 1749-18161 055rsnM1 El campo Sacramento indica: 1=Bautismo, 2=Confirmación, 4=Matrimonio, 5=Defunción y 6=Matrícula ParroquialNombreApellido 1Apellido 2Lugar NacimientoInteresadoRaimundaForriolMasTorrent: San Vicente Cónyuge PadreFranciscoForriolMartínez MadreVicentaMasSanzAbuelo PaternoJuanForriol Abuela paterna FranciscaMartínezAbuelo MaternoPascualMas Abuela Materna VicentaSanzFecha Nacimiento Fecha Sacramento Lugar Sacramento Oficiante Profesión Profesión del padre03 - 08 - 181303 - 08 - 1813Torrent: San Vicente Ferrer Domicilio: Inscrito en: Torrent: San Vicente Ferrer Notas ...murió al siguiente día Cumplen las condiciones de búsqueda: 57 registros. Mostrando la página 18 de 57. Ordenados por Año Evento.  < Anterior 1 2 3 4 5 6 7 8 9 10 11 12 13 14 15 16 17 18 19 20 21 22 23 24 25 26 27 28 29 30 31 32 33 34 35 36 37 38 39 40 41 42 43 44 45 46 47 48 49 50 51 52 53 54 55 56 57 Siguiente >"
,"SacramentoRegistroLibroFolioAsientoSexoSubcon5639122QL 1749-18166 021vM0 El campo Sacramento indica: 1=Bautismo, 2=Confirmación, 4=Matrimonio, 5=Defunción y 6=Matrícula ParroquialNombreApellido 1Apellido 2Lugar NacimientoInteresadoRamonaForriolMas Cónyuge PadreFranciscoForriolAlaquàs MadreVicentaMasAlaquàsAbuelo Paterno Abuela paterna Abuelo Materno Abuela Materna Fecha Nacimiento Fecha Sacramento Lugar Sacramento Oficiante Profesión Profesión del padrenn - nn - nnnn04 - 08 - 1813Torrent: San Vicente Ferrer Domicilio: Inscrito en: Torrent: San Vicente Ferrer Notas ... Cumplen las condiciones de búsqueda: 57 registros. Mostrando la página 19 de 57. Ordenados por Año Evento.  < Anterior 1 2 3 4 5 6 7 8 9 10 11 12 13 14 15 16 17 18 19 20 21 22 23 24 25 26 27 28 29 30 31 32 33 34 35 36 37 38 39 40 41 42 43 44 45 46 47 48 49 50 51 52 53 54 55 56 57 Siguiente >"
,"SacramentoRegistroLibroFolioAsientoSexoSubcon1638459QL 1749-18161 056rsnH0 El campo Sacramento indica: 1=Bautismo, 2=Confirmación, 4=Matrimonio, 5=Defunción y 6=Matrícula ParroquialNombreApellido 1Apellido 2Lugar NacimientoInteresadoVicente RaimundoForriolMartíTorrent: San Vicente Cónyuge PadreVicenteForriolMartínezAlaquàs MadreRosaMartíFlgadoAlaquàsAbuelo PaternoFranciscoForriolAlaquàs Abuela paterna FranciscaMartínezAlaquàsAbuelo MaternoFranciscoMartí Abuela Materna MaríaFlgadoFecha Nacimiento Fecha Sacramento Lugar Sacramento Oficiante Profesión Profesión del padre06 - 01 - 181407 - 01 - 1814Torrent: San Vicente Ferrer Domicilio: Inscrito en: Torrent: San Vicente Ferrer Notas ... Cumplen las condiciones de búsqueda: 57 registros. Mostrando la página 20 de 57. Ordenados por Año Evento.  < Anterior 1 2 3 4 5 6 7 8 9 10 11 12 13 14 15 16 17 18 19 20 21 22 23 24 25 26 27 28 29 30 31 32 33 34 35 36 37 38 39 40 41 42 43 44 45 46 47 48 49 50 51 52 53 54 55 56 57 Siguiente >"
,"SacramentoRegistroLibroFolioAsientoSexoSubcon4181540LM 1813-1827053M0 El campo Sacramento indica: 1=Bautismo, 2=Confirmación, 4=Matrimonio, 5=Defunción y 6=Matrícula ParroquialNombreApellido 1Apellido 2Lugar NacimientoInteresadoMatildeForriol Cónyuge Raymundo(ramon)SorianoJauliRiba-roja de Túria PadreForriol MadreAbuelo Paterno Abuela paterna Abuelo Materno Abuela Materna Fecha Nacimiento Fecha Sacramento Lugar Sacramento Oficiante Profesión Profesión del padrenn - nn - nnnn - - 1817Torrent: Asunción de Nuestra Señora Domicilio: Inscrito en: Torrent: Asunción de Nuestra Señora Notas ... Cumplen las condiciones de búsqueda: 57 registros. Mostrando la página 21 de 57. Ordenados por Año Evento.  < Anterior 1 2 3 4 5 6 7 8 9 10 11 12 13 14 15 16 17 18 19 20 21 22 23 24 25 26 27 28 29 30 31 32 33 34 35 36 37 38 39 40 41 42 43 44 45 46 47 48 49 50 51 52 53 54 55 56 57 Siguiente >"
,"SacramentoRegistroLibroFolioAsientoSexoSubcon4181789LM 1813-1827152n 052M0 El campo Sacramento indica: 1=Bautismo, 2=Confirmación, 4=Matrimonio, 5=Defunción y 6=Matrícula ParroquialNombreApellido 1Apellido 2Lugar NacimientoInteresadoJuana BautistaForriol Cónyuge JoséPrósperBesoAlaquàs PadreForriol MadreAbuelo Paterno Abuela paterna Abuelo Materno Abuela Materna Fecha Nacimiento Fecha Sacramento Lugar Sacramento Oficiante Profesión Profesión del padrenn - nn - nnnn - - 1823Torrent: Asunción de Nuestra Señora Domicilio: Inscrito en: Torrent: Asunción de Nuestra Señora Notas ... Cumplen las condiciones de búsqueda: 57 registros. Mostrando la página 22 de 57. Ordenados por Año Evento.  < Anterior 1 2 3 4 5 6 7 8 9 10 11 12 13 14 15 16 17 18 19 20 21 22 23 24 25 26 27 28 29 30 31 32 33 34 35 36 37 38 39 40 41 42 43 44 45 46 47 48 49 50 51 52 53 54 55 56 57 Siguiente >"
,"SacramentoRegistroLibroFolioAsientoSexoSubcon579807QL 1824-1830205v14H0 El campo Sacramento indica: 1=Bautismo, 2=Confirmación, 4=Matrimonio, 5=Defunción y 6=Matrícula ParroquialNombreApellido 1Apellido 2Lugar NacimientoInteresadoFranciscoForriol Cónyuge FranciscaGarcía PadreForriol MadreAbuelo PaternoForriol Abuela paterna Abuelo Materno Abuela Materna Fecha Nacimiento Fecha Sacramento Lugar Sacramento Oficiante Profesión Profesión del padrenn - nn - nnnn15 - 03 - 1827Buñol: San Pedro ApóstolGimeno, Manuel - Párroco Domicilio: Inscrito en: Buñol: San Pedro Apóstol Notas ...viudo Cumplen las condiciones de búsqueda: 57 registros. Mostrando la página 23 de 57. Ordenados por Año Evento.  < Anterior 1 2 3 4 5 6 7 8 9 10 11 12 13 14 15 16 17 18 19 20 21 22 23 24 25 26 27 28 29 30 31 32 33 34 35 36 37 38 39 40 41 42 43 44 45 46 47 48 49 50 51 52 53 54 55 56 57 Siguiente >"
,"SacramentoRegistroLibroFolioAsientoSexoSubcon472519QL 1824-1830145r16H0 El campo Sacramento indica: 1=Bautismo, 2=Confirmación, 4=Matrimonio, 5=Defunción y 6=Matrícula ParroquialNombreApellido 1Apellido 2Lugar NacimientoInteresadoFranciscoForriolGarcíaBuñol Cónyuge María TeresaGranchaBolumarBuñol PadreFranciscoForriol MadreFranciscaGarcíaAbuelo PaternoForriol Abuela paterna Abuelo MaternoGarcía Abuela Materna Fecha Nacimiento Fecha Sacramento Lugar Sacramento Oficiante Profesión Profesión del padrenn - nn - nnnn07 - 09 - 1827Buñol: San Pedro ApóstolGimeno, Manuel - Párroco Domicilio: Inscrito en: vecino de BuñolBuñol: San Pedro Apóstol Notas ... Cumplen las condiciones de búsqueda: 57 registros. Mostrando la página 24 de 57. Ordenados por Año Evento.  < Anterior 1 2 3 4 5 6 7 8 9 10 11 12 13 14 15 16 17 18 19 20 21 22 23 24 25 26 27 28 29 30 31 32 33 34 35 36 37 38 39 40 41 42 43 44 45 46 47 48 49 50 51 52 53 54 55 56 57 Siguiente >"
,"SacramentoRegistroLibroFolioAsientoSexoSubcon4182845LM 1841-1847044M0 El campo Sacramento indica: 1=Bautismo, 2=Confirmación, 4=Matrimonio, 5=Defunción y 6=Matrícula ParroquialNombreApellido 1Apellido 2Lugar NacimientoInteresadoJoaquinaForriol Cónyuge LuisLlópezMorenoTorrent PadreForriol MadreAbuelo Paterno Abuela paterna Abuelo Materno Abuela Materna Fecha Nacimiento Fecha Sacramento Lugar Sacramento Oficiante Profesión Profesión del padrenn - nn - nnnn - - 1845Torrent: Asunción de Nuestra Señora Domicilio: Inscrito en: Torrent: Asunción de Nuestra Señora Notas ... Cumplen las condiciones de búsqueda: 57 registros. Mostrando la página 26 de 57. Ordenados por Año Evento.  < Anterior 1 2 3 4 5 6 7 8 9 10 11 12 13 14 15 16 17 18 19 20 21 22 23 24 25 26 27 28 29 30 31 32 33 34 35 36 37 38 39 40 41 42 43 44 45 46 47 48 49 50 51 52 53 54 55 56 57 Siguiente >"
,"SacramentoRegistroLibroFolioAsientoSexoSubcon11162LB 1852-1857068vto198H0 El campo Sacramento indica: 1=Bautismo, 2=Confirmación, 4=Matrimonio, 5=Defunción y 6=Matrícula ParroquialNombreApellido 1Apellido 2Lugar NacimientoInteresadoRamón Esteban VicenteForriolCórdulaValencia Cónyuge PadreDionisioForriolTabernerAldaya MadreRosaCordulaValencia: San MartínAbuelo PaternoDionisioForriolAldaya Abuela paterna MicaelaTabernerAldayaAbuelo MaternoN. Abuela Materna N.Fecha Nacimiento Fecha Sacramento Lugar Sacramento Oficiante Profesión Profesión del padre23 - 11 - 185223 - 11 - 1852Valencia: San Esteban ProtomártirCodina, Francisco -Tratanre Domicilio: Inscrito en: Valencia: San Esteban Protomártir Notas ... Cumplen las condiciones de búsqueda: 57 registros. Mostrando la página 27 de 57. Ordenados por Año Evento.  < Anterior 1 2 3 4 5 6 7 8 9 10 11 12 13 14 15 16 17 18 19 20 21 22 23 24 25 26 27 28 29 30 31 32 33 34 35 36 37 38 39 40 41 42 43 44 45 46 47 48 49 50 51 52 53 54 55 56 57 Siguiente >"
,"SacramentoRegistroLibroFolioAsientoSexoSubcon11132189LB 1852-1870019v76M0 El campo Sacramento indica: 1=Bautismo, 2=Confirmación, 4=Matrimonio, 5=Defunción y 6=Matrícula ParroquialNombreApellido 1Apellido 2Lugar NacimientoInteresadoFranciscaForriolMoretChiva Cónyuge PadreMiguelForriolMásAlaquàs MadreVicentaMoretRosellóSan Vicente del Llano de QuarteAbuelo PaternoFranciscoForriolAlaquàs Abuela paterna VicentaMásAlaquàsAbuelo MaternoJoséMoretAlaquàs Abuela Materna VicentaRosellóSan Vicente del Llano de QuarteFecha Nacimiento Fecha Sacramento Lugar Sacramento Oficiante Profesión Profesión del padre13 - 5 - 185214 - 5 - 1852Chiva: San Juan BautistaOrtí, Miguel - Vicario Domicilio: Inscrito en: Chiva: San Juan Bautista Notas ... Cumplen las condiciones de búsqueda: 57 registros. Mostrando la página 28 de 57. Ordenados por Año Evento.  < Anterior 1 2 3 4 5 6 7 8 9 10 11 12 13 14 15 16 17 18 19 20 21 22 23 24 25 26 27 28 29 30 31 32 33 34 35 36 37 38 39 40 41 42 43 44 45 46 47 48 49 50 51 52 53 54 55 56 57 Siguiente >"
,"SacramentoRegistroLibroFolioAsientoSexoSubcon5189038QL 1857-1858059D0 El campo Sacramento indica: 1=Bautismo, 2=Confirmación, 4=Matrimonio, 5=Defunción y 6=Matrícula ParroquialNombreApellido 1Apellido 2Lugar NacimientoInteresadoBautistaForriolRosello Cónyuge PadreForriol MadreRoselloAbuelo Paterno Abuela paterna Abuelo Materno Abuela Materna Fecha Nacimiento Fecha Sacramento Lugar Sacramento Oficiante Profesión Profesión del padrenn - nn - nnnn - - 1858Torrent: Asunción de Nuestra Señora Domicilio: Inscrito en: Torrent: Asunción de Nuestra Señora Notas ... Cumplen las condiciones de búsqueda: 57 registros. Mostrando la página 29 de 57. Ordenados por Año Evento.  < Anterior 1 2 3 4 5 6 7 8 9 10 11 12 13 14 15 16 17 18 19 20 21 22 23 24 25 26 27 28 29 30 31 32 33 34 35 36 37 38 39 40 41 42 43 44 45 46 47 48 49 50 51 52 53 54 55 56 57 Siguiente >"
,"SacramentoRegistroLibroFolioAsientoSexoSubcon1153660QL 1863-1864131M0 El campo Sacramento indica: 1=Bautismo, 2=Confirmación, 4=Matrimonio, 5=Defunción y 6=Matrícula ParroquialNombreApellido 1Apellido 2Lugar NacimientoInteresadoJustinaForriolCerveraTorrent: Asunción Cónyuge PadreForriol MadreCerveraAbuelo PaternoForriol Abuela paterna Abuelo MaternoCervera Abuela Materna Fecha Nacimiento Fecha Sacramento Lugar Sacramento Oficiante Profesión Profesión del padre - - 1863 - - 1863Torrent: Asunción de Nuestra Señora Domicilio: Inscrito en: Torrent: Asunción de Nuestra Señora Notas ... Cumplen las condiciones de búsqueda: 57 registros. Mostrando la página 30 de 57. Ordenados por Año Evento.  < Anterior 1 2 3 4 5 6 7 8 9 10 11 12 13 14 15 16 17 18 19 20 21 22 23 24 25 26 27 28 29 30 31 32 33 34 35 36 37 38 39 40 41 42 43 44 45 46 47 48 49 50 51 52 53 54 55 56 57 Siguiente >"
,"SacramentoRegistroLibroFolioAsientoSexoSubcon4173092QL 1863-1864011H0 El campo Sacramento indica: 1=Bautismo, 2=Confirmación, 4=Matrimonio, 5=Defunción y 6=Matrícula ParroquialNombreApellido 1Apellido 2Lugar NacimientoInteresadoPascualForriolPeiróAlaquàs Cónyuge IsidraCervera PadreForriol MadrePeiróAbuelo Paterno Abuela paterna Abuelo Materno Abuela Materna Fecha Nacimiento Fecha Sacramento Lugar Sacramento Oficiante Profesión Profesión del padrenn - nn - nnnn - - 1863Torrent: Asunción de Nuestra SeñoraSoldado Domicilio: Inscrito en: Torrent: Asunción de Nuestra Señora Notas ... Cumplen las condiciones de búsqueda: 57 registros. Mostrando la página 31 de 57. Ordenados por Año Evento.  < Anterior 1 2 3 4 5 6 7 8 9 10 11 12 13 14 15 16 17 18 19 20 21 22 23 24 25 26 27 28 29 30 31 32 33 34 35 36 37 38 39 40 41 42 43 44 45 46 47 48 49 50 51 52 53 54 55 56 57 Siguiente >"
,"SacramentoRegistroLibroFolioAsientoSexoSubcon5190454QL 1865-1866021M0 El campo Sacramento indica: 1=Bautismo, 2=Confirmación, 4=Matrimonio, 5=Defunción y 6=Matrícula ParroquialNombreApellido 1Apellido 2Lugar NacimientoInteresadoAgustinaForriolCervera Cónyuge PadreForriol MadreCerveraAbuelo Paterno Abuela paterna Abuelo Materno Abuela Materna Fecha Nacimiento Fecha Sacramento Lugar Sacramento Oficiante Profesión Profesión del padrenn - nn - nnnn - - 1865Torrent: Asunción de Nuestra Señora Domicilio: Inscrito en: Torrent: Asunción de Nuestra Señora Notas ...Datos extraidos de un libro no disponible en la actualidad Cumplen las condiciones de búsqueda: 57 registros. Mostrando la página 32 de 57. Ordenados por Año Evento.  < Anterior 1 2 3 4 5 6 7 8 9 10 11 12 13 14 15 16 17 18 19 20 21 22 23 24 25 26 27 28 29 30 31 32 33 34 35 36 37 38 39 40 41 42 43 44 45 46 47 48 49 50 51 52 53 54 55 56 57 Siguiente >"
,"SacramentoRegistroLibroFolioAsientoSexoSubcon5190239QL 1865-1866001H0 El campo Sacramento indica: 1=Bautismo, 2=Confirmación, 4=Matrimonio, 5=Defunción y 6=Matrícula ParroquialNombreApellido 1Apellido 2Lugar NacimientoInteresadoPascualForriolPeiro Cónyuge PadreForriol MadrePeiroAbuelo Paterno Abuela paterna Abuelo Materno Abuela Materna Fecha Nacimiento Fecha Sacramento Lugar Sacramento Oficiante Profesión Profesión del padrenn - nn - nnnn - - 1865Torrent: Asunción de Nuestra Señora Domicilio: Inscrito en: Torrent: Asunción de Nuestra Señora Notas ...Datos extraidos de un libro no disponible en la actualidad Cumplen las condiciones de búsqueda: 57 registros. Mostrando la página 33 de 57. Ordenados por Año Evento.  < Anterior 1 2 3 4 5 6 7 8 9 10 11 12 13 14 15 16 17 18 19 20 21 22 23 24 25 26 27 28 29 30 31 32 33 34 35 36 37 38 39 40 41 42 43 44 45 46 47 48 49 50 51 52 53 54 55 56 57 Siguiente >"
,"SacramentoRegistroLibroFolioAsientoSexoSubcon42169632LM 1861-1882135rH0 El campo Sacramento indica: 1=Bautismo, 2=Confirmación, 4=Matrimonio, 5=Defunción y 6=Matrícula ParroquialNombreApellido 1Apellido 2Lugar NacimientoInteresadoMiguelForriol Cónyuge HiginiaHernández PadreForriol MadreAbuelo Paterno Abuela paterna Abuelo Materno Abuela Materna Fecha Nacimiento Fecha Sacramento Lugar Sacramento Oficiante Profesión Profesión del padrenn - nn - nnnn - - 1872Chiva: San Juan Bautista Domicilio: Inscrito en: Chiva: San Juan Bautista Notas ...Libro desaparecido. Datos tomados del libro índice Cumplen las condiciones de búsqueda: 57 registros. Mostrando la página 34 de 57. Ordenados por Año Evento.  < Anterior 1 2 3 4 5 6 7 8 9 10 11 12 13 14 15 16 17 18 19 20 21 22 23 24 25 26 27 28 29 30 31 32 33 34 35 36 37 38 39 40 41 42 43 44 45 46 47 48 49 50 51 52 53 54 55 56 57 Siguiente >"
,"SacramentoRegistroLibroFolioAsientoSexoSubcon125217LB 1872-1877396r198H0 El campo Sacramento indica: 1=Bautismo, 2=Confirmación, 4=Matrimonio, 5=Defunción y 6=Matrícula ParroquialNombreApellido 1Apellido 2Lugar NacimientoInteresadoMiguelForriolMolinerValencia Cónyuge PadreMiguelForriolPeiróAlaquàs MadreManuelaMolinerVitoriaViverAbuelo PaternoPascualForriolAlaquàs Abuela paterna VicentaPeiróAlaquàsAbuelo MaternoJoséMolinerViver Abuela Materna ManuelaVitoriaViverFecha Nacimiento Fecha Sacramento Lugar Sacramento Oficiante Profesión Profesión del padre06 - 09 - 187608 - 09 - 1876Valencia: San Esteban ProtomártirFuertes, Lorenzo - Domicilio: Inscrito en: Valencia: San Esteban Protomártir Notas ... Cumplen las condiciones de búsqueda: 57 registros. Mostrando la página 35 de 57. Ordenados por Año Evento.  < Anterior 1 2 3 4 5 6 7 8 9 10 11 12 13 14 15 16 17 18 19 20 21 22 23 24 25 26 27 28 29 30 31 32 33 34 35 36 37 38 39 40 41 42 43 44 45 46 47 48 49 50 51 52 53 54 55 56 57 Siguiente >"
,"SacramentoRegistroLibroFolioAsientoSexoSubcon12334696LB 1871-1880071r001M0 El campo Sacramento indica: 1=Bautismo, 2=Confirmación, 4=Matrimonio, 5=Defunción y 6=Matrícula ParroquialNombreApellido 1Apellido 2Lugar NacimientoInteresadoMaría DoloresForriolPoloPobla de Vallbona, La - Les Ventes Cónyuge PadreVicenteForriolAsensiAlaquàs MadreDoloresPoloEstarlichBenissanóAbuelo PaternoManuelForriolAlaquàs Abuela paterna FeliciaAsensiRiba-roja de TúriaAbuelo MaternoBartoloméPoloBenissanó Abuela Materna SenentaEstarlichBenissanóFecha Nacimiento Fecha Sacramento Lugar Sacramento Oficiante Profesión Profesión del padre06 - 01 - 187607 - 01 - 1876Pobla de Vallbona, La: Santísima Trinidad y San JoséGarrido, Eugenio - CoadjutorEmpleado en la carretera Real Domicilio: Inscrito en: Pobla de Vallbona, La: Santísima Trinidad y San José Notas ...Padres casados en Benissanó. Padrinos Miguel Verdejo, empleado en la carretera, casado, de Godelleta y Ramona Desco, soltera, de La Pobla Cumplen las condiciones de búsqueda: 57 registros. Mostrando la página 36 de 57. Ordenados por Año Evento.  < Anterior 1 2 3 4 5 6 7 8 9 10 11 12 13 14 15 16 17 18 19 20 21 22 23 24 25 26 27 28 29 30 31 32 33 34 35 36 37 38 39 40 41 42 43 44 45 46 47 48 49 50 51 52 53 54 55 56 57 Siguiente >"
,"SacramentoRegistroLibroFolioAsientoSexoSubcon114434LB 1878-1881065186M0 El campo Sacramento indica: 1=Bautismo, 2=Confirmación, 4=Matrimonio, 5=Defunción y 6=Matrícula ParroquialNombreApellido 1Apellido 2Lugar NacimientoInteresadoMaría CarmenForriolMolinerValencia: San Esteban Cónyuge PadreMiguelForriolPeiróAlaquàs MadreManuelaMolinerVitoriaViverAbuelo PaternoPascualForriolAlaquàs Abuela paterna VicentaPeiróAlaquàsAbuelo MaternoJoséMolinerViver Abuela Materna ManuelaVitoriaViverFecha Nacimiento Fecha Sacramento Lugar Sacramento Oficiante Profesión Profesión del padre08 - 09 - 187809 - 09 - 1878Valencia: San Esteban Protomártir Domicilio: Inscrito en: Valencia: San Esteban Protomártir Notas ...Matrimonio en nota marginal Cumplen las condiciones de búsqueda: 57 registros. Mostrando la página 37 de 57. Ordenados por Año Evento.  < Anterior 1 2 3 4 5 6 7 8 9 10 11 12 13 14 15 16 17 18 19 20 21 22 23 24 25 26 27 28 29 30 31 32 33 34 35 36 37 38 39 40 41 42 43 44 45 46 47 48 49 50 51 52 53 54 55 56 57 Siguiente >"
,"SacramentoRegistroLibroFolioAsientoSexoSubcon4174232LM 1879-1889028H0 El campo Sacramento indica: 1=Bautismo, 2=Confirmación, 4=Matrimonio, 5=Defunción y 6=Matrícula ParroquialNombreApellido 1Apellido 2Lugar NacimientoInteresadoVicenteForriolCaballeroAlaquàs Cónyuge VicentaCastillo PadreForriol MadreCaballeroAbuelo Paterno Abuela paterna Abuelo Materno Abuela Materna Fecha Nacimiento Fecha Sacramento Lugar Sacramento Oficiante Profesión Profesión del padrenn - nn - nnnn - - 1880Torrent: Asunción de Nuestra Señora Domicilio: Inscrito en: Torrent: Asunción de Nuestra Señora Notas ... Cumplen las condiciones de búsqueda: 57 registros. Mostrando la página 38 de 57. Ordenados por Año Evento.  < Anterior 1 2 3 4 5 6 7 8 9 10 11 12 13 14 15 16 17 18 19 20 21 22 23 24 25 26 27 28 29 30 31 32 33 34 35 36 37 38 39 40 41 42 43 44 45 46 47 48 49 50 51 52 53 54 55 56 57 Siguiente >"
,"SacramentoRegistroLibroFolioAsientoSexoSubcon4174219LM 1879-1889028H0 El campo Sacramento indica: 1=Bautismo, 2=Confirmación, 4=Matrimonio, 5=Defunción y 6=Matrícula ParroquialNombreApellido 1Apellido 2Lugar NacimientoInteresadoVicenteForriolMartíAlaquàs Cónyuge AntoniaCaballero PadreForriol MadreMartíAbuelo Paterno Abuela paterna Abuelo Materno Abuela Materna Fecha Nacimiento Fecha Sacramento Lugar Sacramento Oficiante Profesión Profesión del padrenn - nn - nnnn - - 1880Torrent: Asunción de Nuestra Señora Domicilio: Inscrito en: Torrent: Asunción de Nuestra Señora Notas ...No casados en Torrent Cumplen las condiciones de búsqueda: 57 registros. Mostrando la página 39 de 57. Ordenados por Año Evento.  < Anterior 1 2 3 4 5 6 7 8 9 10 11 12 13 14 15 16 17 18 19 20 21 22 23 24 25 26 27 28 29 30 31 32 33 34 35 36 37 38 39 40 41 42 43 44 45 46 47 48 49 50 51 52 53 54 55 56 57 Siguiente >"
,"SacramentoRegistroLibroFolioAsientoSexoSubcon1159139QL 1879-1884174M0 El campo Sacramento indica: 1=Bautismo, 2=Confirmación, 4=Matrimonio, 5=Defunción y 6=Matrícula ParroquialNombreApellido 1Apellido 2Lugar NacimientoInteresadoVicentaForriolCastilloTorrent: Asunción Cónyuge PadreForriol MadreCastilloAbuelo PaternoForriol Abuela paterna Abuelo MaternoCastillo Abuela Materna Fecha Nacimiento Fecha Sacramento Lugar Sacramento Oficiante Profesión Profesión del padre - - 1882 - - 1882Torrent: Asunción de Nuestra Señora Domicilio: Inscrito en: Torrent: Asunción de Nuestra Señora Notas ... Cumplen las condiciones de búsqueda: 57 registros. Mostrando la página 40 de 57. Ordenados por Año Evento.  < Anterior 1 2 3 4 5 6 7 8 9 10 11 12 13 14 15 16 17 18 19 20 21 22 23 24 25 26 27 28 29 30 31 32 33 34 35 36 37 38 39 40 41 42 43 44 45 46 47 48 49 50 51 52 53 54 55 56 57 Siguiente >"
,"SacramentoRegistroLibroFolioAsientoSexoSubcon529083LD 1879-1885175vto131M0 El campo Sacramento indica: 1=Bautismo, 2=Confirmación, 4=Matrimonio, 5=Defunción y 6=Matrícula ParroquialNombreApellido 1Apellido 2Lugar NacimientoInteresadoAmparoForriolMolinerValencia: San Esteban Cónyuge PadreMiguelForriolAlalcuás MadreManuelaMolinerViverAbuelo Paterno Abuela paterna Abuelo Materno Abuela Materna Fecha Nacimiento Fecha Sacramento Lugar Sacramento Oficiante Profesión Profesión del padrenn - nn - 188106 - 09 - 1882Valencia: San Esteban Protomártir Domicilio: Inscrito en: Valencia: San Esteban Protomártir Notas ... Cumplen las condiciones de búsqueda: 57 registros. Mostrando la página 41 de 57. Ordenados por Año Evento.  < Anterior 1 2 3 4 5 6 7 8 9 10 11 12 13 14 15 16 17 18 19 20 21 22 23 24 25 26 27 28 29 30 31 32 33 34 35 36 37 38 39 40 41 42 43 44 45 46 47 48 49 50 51 52 53 54 55 56 57 Siguiente >"
,"SacramentoRegistroLibroFolioAsientoSexoSubcon17712LB 1882-1885201144M0 El campo Sacramento indica: 1=Bautismo, 2=Confirmación, 4=Matrimonio, 5=Defunción y 6=Matrícula ParroquialNombreApellido 1Apellido 2Lugar NacimientoInteresadoMaría DesamparadosForriolMolinerValencia Cónyuge PadreMiguelForriol MadreManuelaMolinerAbuelo PaternoForriol Abuela paterna Abuelo MaternoMoliner Abuela Materna Fecha Nacimiento Fecha Sacramento Lugar Sacramento Oficiante Profesión Profesión del padre09 - 07 - 188311 - 07 - 1883Valencia: San Esteban Protomártir Domicilio: Inscrito en: Valencia: San Esteban Protomártir Notas ... Cumplen las condiciones de búsqueda: 57 registros. Mostrando la página 42 de 57. Ordenados por Año Evento.  < Anterior 1 2 3 4 5 6 7 8 9 10 11 12 13 14 15 16 17 18 19 20 21 22 23 24 25 26 27 28 29 30 31 32 33 34 35 36 37 38 39 40 41 42 43 44 45 46 47 48 49 50 51 52 53 54 55 56 57 Siguiente >"
,"SacramentoRegistroLibroFolioAsientoSexoSubcon1159843QL 1879-1884292M0 El campo Sacramento indica: 1=Bautismo, 2=Confirmación, 4=Matrimonio, 5=Defunción y 6=Matrícula ParroquialNombreApellido 1Apellido 2Lugar NacimientoInteresadoMaría CarmenForriolCastilloTorrent: Asunción Cónyuge PadreForriol MadreCastilloAbuelo PaternoForriol Abuela paterna Abuelo MaternoCastillo Abuela Materna Fecha Nacimiento Fecha Sacramento Lugar Sacramento Oficiante Profesión Profesión del padre - - 1884 - - 1884Torrent: Asunción de Nuestra Señora Domicilio: Inscrito en: Torrent: Asunción de Nuestra Señora Notas ... Cumplen las condiciones de búsqueda: 57 registros. Mostrando la página 43 de 57. Ordenados por Año Evento.  < Anterior 1 2 3 4 5 6 7 8 9 10 11 12 13 14 15 16 17 18 19 20 21 22 23 24 25 26 27 28 29 30 31 32 33 34 35 36 37 38 39 40 41 42 43 44 45 46 47 48 49 50 51 52 53 54 55 56 57 Siguiente >"
,"SacramentoRegistroLibroFolioAsientoSexoSubcon4174524LM 1879-1889096H0 El campo Sacramento indica: 1=Bautismo, 2=Confirmación, 4=Matrimonio, 5=Defunción y 6=Matrícula ParroquialNombreApellido 1Apellido 2Lugar NacimientoInteresadoPascualForriolCerveraTorrent Cónyuge VicentaOrtiz PadreForriol MadreCerveraAbuelo Paterno Abuela paterna Abuelo Materno Abuela Materna Fecha Nacimiento Fecha Sacramento Lugar Sacramento Oficiante Profesión Profesión del padrenn - nn - nnnn - - 1884Torrent: Asunción de Nuestra Señora Domicilio: Inscrito en: Torrent: Asunción de Nuestra Señora Notas ... Cumplen las condiciones de búsqueda: 57 registros. Mostrando la página 44 de 57. Ordenados por Año Evento.  < Anterior 1 2 3 4 5 6 7 8 9 10 11 12 13 14 15 16 17 18 19 20 21 22 23 24 25 26 27 28 29 30 31 32 33 34 35 36 37 38 39 40 41 42 43 44 45 46 47 48 49 50 51 52 53 54 55 56 57 Siguiente >"
,"SacramentoRegistroLibroFolioAsientoSexoSubcon1160412QL 1884-1889086M0 El campo Sacramento indica: 1=Bautismo, 2=Confirmación, 4=Matrimonio, 5=Defunción y 6=Matrícula ParroquialNombreApellido 1Apellido 2Lugar NacimientoInteresadoDoloresForriolCastilloTorrent: Asunción Cónyuge PadreForriol MadreCastilloAbuelo PaternoForriol Abuela paterna Abuelo MaternoCastillo Abuela Materna Fecha Nacimiento Fecha Sacramento Lugar Sacramento Oficiante Profesión Profesión del padre - - 1886 - - 1886Torrent: Asunción de Nuestra Señora Domicilio: Inscrito en: Torrent: Asunción de Nuestra Señora Notas ... Cumplen las condiciones de búsqueda: 57 registros. Mostrando la página 45 de 57. Ordenados por Año Evento.  < Anterior 1 2 3 4 5 6 7 8 9 10 11 12 13 14 15 16 17 18 19 20 21 22 23 24 25 26 27 28 29 30 31 32 33 34 35 36 37 38 39 40 41 42 43 44 45 46 47 48 49 50 51 52 53 54 55 56 57 Siguiente >"
,"SacramentoRegistroLibroFolioAsientoSexoSubcon1160318QL 1884-1889071H0 El campo Sacramento indica: 1=Bautismo, 2=Confirmación, 4=Matrimonio, 5=Defunción y 6=Matrícula ParroquialNombreApellido 1Apellido 2Lugar NacimientoInteresadoPascualForriolOrtizTorrent: Asunción Cónyuge PadreForriol MadreOrtizAbuelo PaternoForriol Abuela paterna Abuelo MaternoOrtiz Abuela Materna Fecha Nacimiento Fecha Sacramento Lugar Sacramento Oficiante Profesión Profesión del padre - - 1886 - - 1886Torrent: Asunción de Nuestra Señora Domicilio: Inscrito en: Torrent: Asunción de Nuestra Señora Notas ... Cumplen las condiciones de búsqueda: 57 registros. Mostrando la página 46 de 57. Ordenados por Año Evento.  < Anterior 1 2 3 4 5 6 7 8 9 10 11 12 13 14 15 16 17 18 19 20 21 22 23 24 25 26 27 28 29 30 31 32 33 34 35 36 37 38 39 40 41 42 43 44 45 46 47 48 49 50 51 52 53 54 55 56 57 Siguiente >"
,"SacramentoRegistroLibroFolioAsientoSexoSubcon1161050QL 1884-1889213M0 El campo Sacramento indica: 1=Bautismo, 2=Confirmación, 4=Matrimonio, 5=Defunción y 6=Matrícula ParroquialNombreApellido 1Apellido 2Lugar NacimientoInteresadoVirginiaForriolCastilloTorrent: Asunción Cónyuge PadreForriol MadreCastilloAbuelo PaternoForriol Abuela paterna Abuelo MaternoCastillo Abuela Materna Fecha Nacimiento Fecha Sacramento Lugar Sacramento Oficiante Profesión Profesión del padre - - 1888 - - 1888Torrent: Asunción de Nuestra Señora Domicilio: Inscrito en: Torrent: Asunción de Nuestra Señora Notas ... Cumplen las condiciones de búsqueda: 57 registros. Mostrando la página 47 de 57. Ordenados por Año Evento.  < Anterior 1 2 3 4 5 6 7 8 9 10 11 12 13 14 15 16 17 18 19 20 21 22 23 24 25 26 27 28 29 30 31 32 33 34 35 36 37 38 39 40 41 42 43 44 45 46 47 48 49 50 51 52 53 54 55 56 57 Siguiente >"
,"SacramentoRegistroLibroFolioAsientoSexoSubcon1161026QL 1884-1889208H0 El campo Sacramento indica: 1=Bautismo, 2=Confirmación, 4=Matrimonio, 5=Defunción y 6=Matrícula ParroquialNombreApellido 1Apellido 2Lugar NacimientoInteresadoPascualForriolOrtíTorrent: Asunción Cónyuge PadreForriol MadreOrtíAbuelo PaternoForriol Abuela paterna Abuelo MaternoOrtí Abuela Materna Fecha Nacimiento Fecha Sacramento Lugar Sacramento Oficiante Profesión Profesión del padre - - 1888 - - 1888Torrent: Asunción de Nuestra Señora Domicilio: Inscrito en: Torrent: Asunción de Nuestra Señora Notas ... Cumplen las condiciones de búsqueda: 57 registros. Mostrando la página 48 de 57. Ordenados por Año Evento.  < Anterior 1 2 3 4 5 6 7 8 9 10 11 12 13 14 15 16 17 18 19 20 21 22 23 24 25 26 27 28 29 30 31 32 33 34 35 36 37 38 39 40 41 42 43 44 45 46 47 48 49 50 51 52 53 54 55 56 57 Siguiente >"
,"SacramentoRegistroLibroFolioAsientoSexoSubcon1161908QL 1890-1893065M0 El campo Sacramento indica: 1=Bautismo, 2=Confirmación, 4=Matrimonio, 5=Defunción y 6=Matrícula ParroquialNombreApellido 1Apellido 2Lugar NacimientoInteresadoMaría FranciscaForriolCastilloTorrent: Asunción Cónyuge PadreForriol MadreCastilloAbuelo PaternoForriol Abuela paterna Abuelo MaternoCastillo Abuela Materna Fecha Nacimiento Fecha Sacramento Lugar Sacramento Oficiante Profesión Profesión del padre - - 1891 - - 1891Torrent: Asunción de Nuestra Señora Domicilio: Inscrito en: Torrent: Asunción de Nuestra Señora Notas ... Cumplen las condiciones de búsqueda: 57 registros. Mostrando la página 49 de 57. Ordenados por Año Evento.  < Anterior 1 2 3 4 5 6 7 8 9 10 11 12 13 14 15 16 17 18 19 20 21 22 23 24 25 26 27 28 29 30 31 32 33 34 35 36 37 38 39 40 41 42 43 44 45 46 47 48 49 50 51 52 53 54 55 56 57 Siguiente >"
,"SacramentoRegistroLibroFolioAsientoSexoSubcon1161863QL 1890-1893059H0 El campo Sacramento indica: 1=Bautismo, 2=Confirmación, 4=Matrimonio, 5=Defunción y 6=Matrícula ParroquialNombreApellido 1Apellido 2Lugar NacimientoInteresadoJosé MaríaForriolOrtizTorrent: Asunción Cónyuge PadreForriol MadreOrtizAbuelo PaternoForriol Abuela paterna Abuelo MaternoOrtiz Abuela Materna Fecha Nacimiento Fecha Sacramento Lugar Sacramento Oficiante Profesión Profesión del padre - - 1891 - - 1891Torrent: Asunción de Nuestra Señora Domicilio: Inscrito en: Torrent: Asunción de Nuestra Señora Notas ... Cumplen las condiciones de búsqueda: 57 registros. Mostrando la página 50 de 57. Ordenados por Año Evento.  < Anterior 1 2 3 4 5 6 7 8 9 10 11 12 13 14 15 16 17 18 19 20 21 22 23 24 25 26 27 28 29 30 31 32 33 34 35 36 37 38 39 40 41 42 43 44 45 46 47 48 49 50 51 52 53 54 55 56 57 Siguiente >"
,"SacramentoRegistroLibroFolioAsientoSexoSubcon5191582LD 1894-1900093M0 El campo Sacramento indica: 1=Bautismo, 2=Confirmación, 4=Matrimonio, 5=Defunción y 6=Matrícula ParroquialNombreApellido 1Apellido 2Lugar NacimientoInteresadoDoloresForriolCastillo Cónyuge PadreForriol MadreCastilloAbuelo Paterno Abuela paterna Abuelo Materno Abuela Materna Fecha Nacimiento Fecha Sacramento Lugar Sacramento Oficiante Profesión Profesión del padrenn - nn - nnnn - - 1896Torrent: Asunción de Nuestra Señora Domicilio: Inscrito en: Torrent: Asunción de Nuestra Señora Notas ... Cumplen las condiciones de búsqueda: 57 registros. Mostrando la página 51 de 57. Ordenados por Año Evento.  < Anterior 1 2 3 4 5 6 7 8 9 10 11 12 13 14 15 16 17 18 19 20 21 22 23 24 25 26 27 28 29 30 31 32 33 34 35 36 37 38 39 40 41 42 43 44 45 46 47 48 49 50 51 52 53 54 55 56 57 Siguiente >"
,"SacramentoRegistroLibroFolioAsientoSexoSubcon5191674LD 1894-1900126H0 El campo Sacramento indica: 1=Bautismo, 2=Confirmación, 4=Matrimonio, 5=Defunción y 6=Matrícula ParroquialNombreApellido 1Apellido 2Lugar NacimientoInteresadoVicenteForriolCaballero Cónyuge PadreForriol MadreCaballeroAbuelo Paterno Abuela paterna Abuelo Materno Abuela Materna Fecha Nacimiento Fecha Sacramento Lugar Sacramento Oficiante Profesión Profesión del padrenn - nn - nnnn - - 1897Torrent: Asunción de Nuestra Señora Domicilio: Inscrito en: Torrent: Asunción de Nuestra Señora Notas ... Cumplen las condiciones de búsqueda: 57 registros. Mostrando la página 52 de 57. Ordenados por Año Evento.  < Anterior 1 2 3 4 5 6 7 8 9 10 11 12 13 14 15 16 17 18 19 20 21 22 23 24 25 26 27 28 29 30 31 32 33 34 35 36 37 38 39 40 41 42 43 44 45 46 47 48 49 50 51 52 53 54 55 56 57 Siguiente >"
,"SacramentoRegistroLibroFolioAsientoSexoSubcon4186046LM 1894-1909081M0 El campo Sacramento indica: 1=Bautismo, 2=Confirmación, 4=Matrimonio, 5=Defunción y 6=Matrícula ParroquialNombreApellido 1Apellido 2Lugar NacimientoInteresadoVicentaForriol Cónyuge MiguelNavarroPenellaTorrent PadreForriol MadreAbuelo Paterno Abuela paterna Abuelo Materno Abuela Materna Fecha Nacimiento Fecha Sacramento Lugar Sacramento Oficiante Profesión Profesión del padrenn - nn - nnnn - - 1898Torrent: Asunción de Nuestra Señora Domicilio: Inscrito en: Torrent: Asunción de Nuestra Señora Notas ... Cumplen las condiciones de búsqueda: 57 registros. Mostrando la página 53 de 57. Ordenados por Año Evento.  < Anterior 1 2 3 4 5 6 7 8 9 10 11 12 13 14 15 16 17 18 19 20 21 22 23 24 25 26 27 28 29 30 31 32 33 34 35 36 37 38 39 40 41 42 43 44 45 46 47 48 49 50 51 52 53 54 55 56 57 Siguiente >"
,"SacramentoRegistroLibroFolioAsientoSexoSubcon1164023QL 1894-1898379M0 El campo Sacramento indica: 1=Bautismo, 2=Confirmación, 4=Matrimonio, 5=Defunción y 6=Matrícula ParroquialNombreApellido 1Apellido 2Lugar NacimientoInteresadoVicentaForriolOrtizTorrent: Asunción Cónyuge PadreForriol MadreOrtizAbuelo PaternoForriol Abuela paterna Abuelo MaternoOrtiz Abuela Materna Fecha Nacimiento Fecha Sacramento Lugar Sacramento Oficiante Profesión Profesión del padre - - 1898 - - 1898Torrent: Asunción de Nuestra Señora Domicilio: Inscrito en: Torrent: Asunción de Nuestra Señora Notas ... Cumplen las condiciones de búsqueda: 57 registros. Mostrando la página 54 de 57. Ordenados por Año Evento.  < Anterior 1 2 3 4 5 6 7 8 9 10 11 12 13 14 15 16 17 18 19 20 21 22 23 24 25 26 27 28 29 30 31 32 33 34 35 36 37 38 39 40 41 42 43 44 45 46 47 48 49 50 51 52 53 54 55 56 57 Siguiente >"
,"SacramentoRegistroLibroFolioAsientoSexoSubcon5192075LD 1894-1900214H0 El campo Sacramento indica: 1=Bautismo, 2=Confirmación, 4=Matrimonio, 5=Defunción y 6=Matrícula ParroquialNombreApellido 1Apellido 2Lugar NacimientoInteresadoVicenteForriolOrtiz Cónyuge PadreForriol MadreOrtizAbuelo Paterno Abuela paterna Abuelo Materno Abuela Materna Fecha Nacimiento Fecha Sacramento Lugar Sacramento Oficiante Profesión Profesión del padrenn - nn - nnnn - - 1899Torrent: Asunción de Nuestra Señora Domicilio: Inscrito en: Torrent: Asunción de Nuestra Señora Notas ... Cumplen las condiciones de búsqueda: 57 registros. Mostrando la página 55 de 57. Ordenados por Año Evento.  < Anterior 1 2 3 4 5 6 7 8 9 10 11 12 13 14 15 16 17 18 19 20 21 22 23 24 25 26 27 28 29 30 31 32 33 34 35 36 37 38 39 40 41 42 43 44 45 46 47 48 49 50 51 52 53 54 55 56 57 Siguiente >"
,"SacramentoRegistroLibroFolioAsientoSexoSubcon1660327LB 1902-1904100M0 El campo Sacramento indica: 1=Bautismo, 2=Confirmación, 4=Matrimonio, 5=Defunción y 6=Matrícula ParroquialNombreApellido 1Apellido 2Lugar NacimientoInteresadoMaría CarmenForriolOrtizTorrent Cónyuge PadreForriol MadreOrtizAbuelo PaternoForriol Abuela paterna Abuelo MaternoOrtiz Abuela Materna Fecha Nacimiento Fecha Sacramento Lugar Sacramento Oficiante Profesión Profesión del padre - - 1903 - - 1903Torrent: Asunción de Nuestra Señora Domicilio: Inscrito en: Torrent: Asunción de Nuestra Señora Notas ... Cumplen las condiciones de búsqueda: 57 registros. Mostrando la página 56 de 57. Ordenados por Año Evento.  < Anterior 1 2 3 4 5 6 7 8 9 10 11 12 13 14 15 16 17 18 19 20 21 22 23 24 25 26 27 28 29 30 31 32 33 34 35 36 37 38 39 40 41 42 43 44 45 46 47 48 49 50 51 52 53 54 55 56 57 Siguiente >"
,"SacramentoRegistroLibroFolioAsientoSexoSubcon5663392LD 1901-1907196M0 El campo Sacramento indica: 1=Bautismo, 2=Confirmación, 4=Matrimonio, 5=Defunción y 6=Matrícula ParroquialNombreApellido 1Apellido 2Lugar NacimientoInteresadoMaríaForriolOrti Cónyuge PadreForriol MadreOrtiAbuelo Paterno Abuela paterna Abuelo Materno Abuela Materna Fecha Nacimiento Fecha Sacramento Lugar Sacramento Oficiante Profesión Profesión del padrenn - nn - nnnn - - 1905Torrent: Asunción de Nuestra SeñoraCarles, Félix - Párroco Domicilio: Inscrito en: Torrent: Asunción de Nuestra Señora Notas ... Cumplen las condiciones de búsqueda: 57 registros. Mostrando la página 57 de 57. Ordenados por Año Evento.  < Anterior 1 2 3 4 5 6 7 8 9 10 11 12 13 14 15 16 17 18 19 20 21 22 23 24 25 26 27 28 29 30 31 32 33 34 35 36 37 38 39 40 41 42 43 44 45 46 47 48 49 50 51 52 53 54 55 56 57"
